contamination	train
result normal natural artificial	train
artificial change high consumption	train
contamination	train
typhoon storm unstable	train
happen major change	train
heater gladly rainfall concerned	train
cold	train
word use scare certain behavior pattern cover rise energy shortage	train
man	train
global warm melt	train
environment	train
milder winter turbulent weather condition	train
global warm water elevation storm etc	train
theme	train
co	train
challenge	train
wind rain trigger landslide	train
poor polar bear ice bear starve eradicate	train
control universe	train
scary future	train
sorrow	train
threat	train
climate change industrial nature control wave	train
think natural able adapt	train
crisis	train
weather condition	train
little climate globe represent big influence climate term volcanic	train
nonsense	train
pollution	train
help world	train
rough weather	train
co high aircraft	train
china start care	train
worry set good example important thing use help climate change change start man know norway low technology knowledge important thing contribute	train
wish winter snow	train
earth host change forever look history book wrong pay money	train
rainfall snow natural	train
warm wetter weather	train
severe weather	train
weather loss animal specie bear time	train
natural happen time	train
world	train
complicated question ice age come	train
melt sea rise wetter climate	train
possibly number people planet drastically sustainable certainly happen form natural positive	train
weather change	train
urgent	train
come condemn generation necessary	train
climate change man	train
future disaster	train
co limit	train
rise sea level	train
possible	train
climate change planet natural process end planet destroy billion	train
extreme melting ice polar high sea	train
convince interpretation choose life expose climate change snow lack snow precipitation little precipitation cold summer hot summer	train
storm flood people helpless come deluge	train
climate change country experience bad typhoon hurricane	train
think climate change happen slowly surely ice age	train
storm	train
level co atmosphere impact global temperature	train
extreme flood graduate water level	train
storm devastation extreme cold heat rain dry ice melt sea rise	train
giant international challenge hopeless agree measure	train
weather change	train
sea level rise	train
increase	train
frighten	train
global warming melt difficult live condition plant	train
weather change	train
scary	train
electric car	train
talk action	train
melt polar wind rain	train
hysteria bigotry solve great challenge bribe bother detail marginal effect small	train
climate change century	train
lot rain wind	train
storm natural	train
gas	train
think natural previously think	train
gallery politician impotence mismatch speech action man completely wrong direction able	train
struggle today generation	train
wear time	train
melt ice	train
dramatic change climate measure	train
pole melt water rise	train
people think reality native content planet change time time host set absolute perform host planet example miljonar	train
hot summer winter new ice age believe live hurt effort benefit	train
change	train
extreme weather deglaciation	train
hot extreme weather	train
extreme weather	train
negative climate climate change seriously seriously predict happen long term preventive measure	train
uncertainty somewhat threaten worry come	train
use fossil fuel oil industry dominant economy limit include wag lead oil industry	train
politically correct talk think different	train
global distribution food	train
sorry poor especially locate low relation sea level	train
severe weather snow precipitation	train
naturally people little guilt	train
temperature increase	train
black dirty air china contaminate food flood	train
like china mean zero relative	train
process destroy earth overconsumption west negatively affect environment change initially affect people live	train
hysteria	train
single minded climate change globe pollution major problem big responsibility eg china india	train
climate change man doubt reader clean doomsday temperature increase level recent	train
crisis	train
flood	train
frighten	train
ice melt natural end story earth change drastically change apply need stop non renewable energy source especially western world reduce consumption level notch live like consumer hell ability change rich country	train
financial fraud	train
weather	train
engine start	train
disturb	train
excuse save money	train
temperature change unstable weather condition step weather example storm	train
typhoon storm	train
ozone layer	train
ice melt pole danger large increase sea level minor motoring	train
natural large cycle	train
wind	train
greenhouse emission energy usage inefficiency overconsumption	train
warm climate melt polis extreme	train
easy life	train
global crisis	train
cold winter rain summer stop flight south increase considerably heat pump w grind source red energy need solar energy heat	train
important	train
problem	train
solve problem technically	train
natural variation result cycle earth previously inside relation nature emit late volcanic eruption iceland drop co industry able demonstrate period eruption	train
medium induce doom	train
coal power plant	train
change	train
global warm warm	train
worry die	train
wind force	train
weather change	train
upcoming climate	train
climate change rain bad weather storm instead buy emission government focus simple people daily live recycle reuse etc	train
frighten	train
natural disaster	train
fraud foundation global cat	train
water rise short winter	train
think history occur climate change	train
severe weather temperature variation natural	train
flood smoke	train
extinction depend melt ice	train
split human influence deforestation natural cycle nature	train
frightening man major change reverse trend norway need work actively develop term provide guidance real help	train
sad	train
extinction animal specie	train
global warm natural change	train
people live earth think action affect climate west consume	train
happen influence	train
global warm	train
need attention	train
work	train
climate milder season bad weather extreme weather	train
foolish winter summer care garbage recycle	train
pollution warm winter garbage glaci animal life	train
major weather flood extreme weather	train
heater storm rain natural	train
temperature soil	train
melt ice	train
temperature weather disaster weather phenomenon increase frequency strength gradually time	train
people exploit earth gain reduce soon possible	train
people wildlife affect	train
unfortunate	train
time series analysis temperature geographically distribute	train
severe weather	train
consumption reduce	train
sea level rise	train
natural	train
warm climate	train
insufficient political commitment great ignorance population bite like smoke long time die nonetheless danger	train
tree burn	train
area need focus measure implement wit	train
heavy rainfall form rain strong wind mild winter flood	train
northern winter wetter colder	train
trouble	train
climate change affect negative people entirety difference reduce number people particularly need example good climate policy nation rule nye house block advertise good recovery	train
solve	train
major change climate	train
well pollute soil	train
think climate change occur different age independent human influence pollute matter combat	train
unstable weather	train
global warm	train
responsibility especially afford clean develop	train
extreme weather	train
snow melt pole	train
weather wind rain	train
deglaciation polar	train
talk springtime money treasury help environment want reach people benefit	train
find solution storage co	train
inclement weather coast unpleasant live	train
wind rain disaster	train
try reduce slow stop	train
think technology prohibition public transport	train
dramatic change plant live condition extreme weather	train
hope turn hear	train
weather	train
bad pity live pacific	train
warm wetter storm	train
frighten	train
global warm	train
global warm reason pollution fell	train
global term powerful storm sea level rise	train
renewable energy	train
disaster	train
extreme subsequent natural	train
actually nervous word term climate change like	train
think impact climate minimal relation large world run environmental charge charge inter fuel diesel gasoline nordnorge long winter long distance hypocritical money bad predispose treasury oil spring advantage affect climate earth significant way good example let oil present	train
planet universe tiny dot irrelevant climate complex planetary influence	train
blizzard heavy precipitation gulf stream require change direction melt ice polar	train
natural change mainly cause solar activity climate change political propaganda create find way tax population limit private oil usage oil sell abroad like fight nature environment think important health fresh nature tourism reduce greenhouse gas emission devote well infrastructure transport faster b focus fight tax fee environmental tax essentially harmful poor standard people normal people need car drive work environmental tax bad equality force drive expensive freedom stay spread country wish apply infrastructure suggestion climate change moral good country future build nationwide cover lane highway world high standard love far build bridge tunnel	train
hot	train
weather	train
natural	train
today stone age tragic	train
think melt think china like incredibly wonder reduce think energy different form heat pump lead light equipment use significantly energy common	train
sea level rise ice melt	train
north pole melt	train
temperature increase	train
bad enemy come climate change sense population growth earth adapt eternal increase population earth double start s addition technological lead increase consume fossil fuel essentially population growth blame unsustainable population growth today far sustainable matter little drill oil matter big populous china future	train
scare tactic today new religion believe approve truth ignorant buy carbon offset help thing sufficient worry climate change happen human intervention build opera house right sea think sea rise ominously year	train
extreme weather	train
last change temperature rainfall normally	train
people try destroy world high consumption standard live west come	train
rise water pole melt	train
electric bike	train
large water	train
heavy rain high earth	train
warm wetter wilder	train
horror scary people seriously	train
feel little concern climate change	train
coal power plant	train
earth climate vary tropical forest major	train
happen life think technology catch climate threat	train
environmental change	train
wetter wilder warm	train
conflict	train
oh	train
reduce consumption fossil	train
hope pray world reach agreement comprehensive agreement possible problem rich stop greedy actually help poor invest climate friendly industry co dwindle measure poor oil fund pull dirty environmentally hostile use technology infrastructure etc un create fund rich pay quota mathematically need money promotion environmentally friendly develop rich force spend additional half value spit fund add similar project assistance come un fund country develop sign agreement rich create responsibility	train
ice melt difficult adapt natural change nature difficult time adapt change earth pollute unclean country healthy clean fresh think strange upcoming breathe impure dangerous air	train
greenhouse effect	train
hysteria tell agony norway good live anemic era little pleasure little grief insufficient contact fellow bad mental climate think physical climate	train
natural	train
unavoidable	train
true sad	train
talk little action capitalism govern buy new repair use care well reuse	train
tsunami hurricane flood	train
actually long earth exist	train
water level rise	train
sure mother earth short long cycle pollute ice age	train
world realize need seriously pol ice melt record small large natural increase scope develop process expand economic pollute future need sharpen united	train
crisis flood	train
ice melt	train
ice melt pollution	train
climate change turn late think possible reduce	train
tired	train
exist	train
bad	train
material	train
pollution greenhouse gas	train
global warm ignorance	train
compromise bad globally challenge face humanity long term	train
season world vulnerable natural flood hurricane etc wildlife plant	train
pollute	train
world disaster adult far north completely provide well climate	train
disagree	train
extreme weather natural imbalance live condition planet	train
relevant research field	train
climate change people globe currently country reason necessary reduce stop dangerous development retire think lot especially follow face world bite stick growth economy reign generation dare unpopular partly dramatic need reduce wheel acceleration mean long period readjustment real ecological sustainable production high unemployment necessary low standard live rich world let young enthusiastic people future far important decisive vote matter live	train
melt ice	train
north pole ice thin polar bear negative yes change thing change mark climate change read news	train
temperature change sea level rise frequent extreme weather	train
help	train
severe weather mild winter ice melt	train
like change climate	train
join ensure generation term climate	train
global warm pollution large oil	train
melt po l	train
water level rise	train
melt storm temperature change	train
heat	train
natural	train
greenhouse gas	train
major problem rural	train
climate change great less extent	train
melt ice	train
ice melt extreme	train
insecurity	train
warm rain	train
severe weather	train
storm tide heat drought war	train
human factor impact look history warm cold time great	train
smell	train
temperature rise	train
word think global warming total debate start film inconvenient truth etc think great	train
large country relatively small scatter population save world cost gasoline liter million people pay product oil lie beneath mean use coal world coal pollute think invest solar finally believe world population increase pace eventually reason destroy planet	train
melt ice unstable weather	train
rain bad summer changeable weather	train
unsure man cycle	train
people live earth	train
ice north pole melt open new short continent polar destroy lack food dependent flight	train
temperature change extreme storm	train
extreme weather	train
reduce drive heat home learn environment influence climate kindergarten school	train
warm climate melt ice	train
world time age	train
extreme weather melt ice pole	train
wind rain low tree line rise melt pole	train
low consumption	train
co	train
boil	train
try defend position job	train
precipitation flooding uninhabitable flood loss livelihood unpleasant climate	train
melt ice	train
extreme weather	train
guilty	train
extreme weather	train
think poor lot thinking water	train
normal climate place region world	train
natural heat wave	train
climate change compare	train
generation	train
extreme weather	train
climate change time	train
increase oil temperature	train
fear	train
temperature increase precipitation	train
anxious	train
blame climate wear apparel accord climate	train
greatly exaggerate	train
heat	train
cope sum man natural change affect climate earth surface atmosphere	train
winter storm	train
billion people	train
task claim	train
rise sea level	train
weather	train
extreme weather	train
warm climate pole ice melt	train
disaster	train
high average ocean rise south climate drier climate south	train
extreme lead great destruction high lead b l melt ice organic change earth	train
find	train
guilty conduct lack	train
challenge weather wind rain	train
negative global necessarily locally lot emotion difficult confidence information hear	train
tooth loose cowardly	train
man climate change measure change trend think extreme weather sea rise	train
source separation	train
people longer seriously little wolf wolf little climate low turn little vicious circle generally egocentric behalf nation tire hear affect rest world think shame	train
ice melt	train
responsibility care environment	train
global warm	train
think life earth year	train
think contribute pla cast concrete flexible formwork system help reduce heavy transport concrete simple formwork system rental shorten transport distance rent formwork easy flexible formwork suffer extreme weather faster rebuild home concrete flood use place high altitude large judge soon spar flood disadvantage current flood low height closable build flat surface	train
ice decrease abnormal weather season experience land	train
need think fee climate change engage	train
melt	train
weather change frequent extreme condition	train
confusion weather strong economic politically correct release shall seriously critical possible claim	train
ozone layer pol ice melt	train
small climate change produce emit hazardous affect climate provide immediate effect long term provide major	train
drive ice pole arctic melt use public transport throw food recycle recycle	train
extreme sea level rise natural difficult condition food production	train
difficult word understand	train
flood	train
pol smelt	train
global warm	train
focus	train
rise sea level	train
end world	train
rise water level	train
animal unfortunately negative direction	train
rain	train
destruction	train
policy	train
mas unintereste boring	train
polar bear thing think	train
climate change pollution example ice age pollution	train
co	train
increase sealevel forest poor cute polar bear judge humanity end	train
mass rain	train
flood dry future starvation create food addition overcrowd create mouth feed	train
deterioration	train
pollute help susceptible	train
earth	train
extreme storm	train
global warm melt natural	train
hard precipitation wind extreme	train
important seriously	train
temperature weather change	train
polar bear affect live earth especially rich strive care environment	train
think scary time threat seriously year increase weather relate understand forever protect oil money think come solidarity low consumption low	train
extreme	train
heat	train
little faith recovery	train
ozone layer factory natural capitalism focus profit exploit green company stamp	train
think climate change plant maybe little matter man affect great extent planet live plant look probably time sun momentum	train
risk	train
ice melt pole sea rise	train
volcanic	train
climate probably change somewhat prehistoric animal weather hot day storm temp ago warm vike time man	train
storm destruction	train
cope rapid melt	train
sea level rise population migration global struggle avalanche	train
bloated stupid talk time	train
care climate change	train
temperature sustain basis	train
environment	train
natural	train
rain storm	train
weather change food crisis water crisis ozone layer	train
natural disaster	train
unavoidable	train
severe weather	train
climate change continually lie al gore frighten evidence medium power ability display truth actually uncertainty large industrial world pollute avoid environmental bad way doubt human create thermal energy equivalent solar year heat energy earth impact environment	train
like ras hurricanes flood m m	train
wind rain	train
weather	train
depress	train
challenge	train
greenhouse gas poison emit head climate arctic ice melt sea level rise ocean rise turn lead powerful storm powerful rainfall lead landslide flood	train
severe weather o l tsunami similar climate year round	train
research prove negative spiral difficult thwart	train
co	train
anthropogenic	train
poor	train
exaggerate	train
crisis	train
help rainforest indigenous mord plant animal specie lose svalbard ice melt polar bear die	train
unstable weather extreme weather	train
natural	train
warm climate shallow discharge negative pollution	train
global change	train
happen	train
melt ice pole	train
action paralysis	train
wind weather temperature	train
extreme weather	train
frighten	train
worried difficult change behavior personally improve climate reward measure better pave way well environmental policy	train
hog tree brazil	train
pollution large fleet far well infrastructure spend money train building park lot big reasonable day fee well public municipal underground tram bus car use low	train
ignorance	train
possible	train
high co severe weather	train
natural earth hasty human influence	train
extreme weather	train
anxious future descendant live today master quickly	train
natural melt ice extreme weather	train
global warm	train
winter cold	train
melt ice polar warm soil level greenhouse gas change condition life life	train
right	train
person	train
challenge	train
negative change long term regard weather wind create people ice melt water rise	train
extreme weather	train
extreme weather warm cold flood storm etc	train
surge	train
natural evolution	train
ice melt o l electric car recovery recycle reuse ozone co	train
possible seize	train
wind rain	train
warm wetter climate extreme weather	train
nature time	train
man	train
natural	train
concern	train
grow temperature weather oil	train
climate change man	train
extreme change little	train
rubbish poor air	train
extreme weather	train
wind rain	train
responsibility	train
like flood ras hurricane	train
think humanity dramatic situation	train
thing prevent	train
weather	train
expect extreme	train
natural	train
large storm strong flood	train
cold	train
die	train
think need state responsible	train
rain	train
important care climate	train
raise bar progress success country want progress tenure environmental come ordinary worker guilty long term climate change earth master influence volcanic land plateau offset change distance sun	train
sea level increase stormy weather	train
co melt high temperature	train
afraid happen future subject social knowledge read like spoil undermine future help transmit generation time think actually apply economic transfer habit come environmental friendliness remember come like	train
dead ice melt	train
water level extreme weather	train
nuclear	train
exaggeration	train
dangerous	train
know world way	train
weather change rain wind	train
storm rain	train
gas improve air	train
policy	train
co	train
man believe climate change	train
weather change extreme	train
melt ice polar	train
trigger oversimplify representation phenomenon prove causal	train
wind turbine car bus school level	train
find food ice melt	train
natural change new ice age long term	train
people bread	train
need research renewable energy	train
catastrophic	train
comfortable worry	train
melt ice	train
negative planet	train
negatively	train
hysteria	train
change place atmosphere destroy earth melt ice raise sea level meters initially	train
extreme weather	train
rain flood	train
heavy precipitation	train
change average temperature weather condition extreme	train
extreme weather	train
global warm	train
weather snow	train
act late	train
contamination	train
think cut single day pension fund sick double	train
warm water flood	train
extreme weather	train
immune lot happen ice age weather wave pollute far look positively reduce china good bicycle electric car good	train
melt	train
economic greed	train
excessive	train
earnest	train
wetter warm	train
air water air	train
sad climate change act flood	train
ice melt planet warm rise cut	train
police	train
weather condition	train
result water mol world need change late help	train
co	train
melt ice	train
climate break course	train
bear hear climate change troll tire	train
media exaggerate rise sea level deliberately erroneous report medium level human impact media sided coverage issue	train
warm wetter	train
think flood storm change everyday life elle	train
extreme	train
severe weather high temperature afraid mitigate climate change	train
disaster typhoon devastation death	train
think man natural climate change place time	train
rise sea level	train
frighten	train
deglaciation increase sea surface stand	train
rain ras flood h	train
sea go ladder extreme	train
think long gree rule world use market mechanism influence choice consumption ie cost demolition environment aware consumption environmental climatic reason information report production process good import important inform obviously politic important suppose elect	train
climate change present earth human impact	train
natural	train
fee	train
think man attempt climate change thousandth compare nature nurture capable example volcanic eruption temperature cycle temperature foundation know climate cycle time wrong save liter oil light bulb change china india grow industry pollute today rest world fail reduce good burn oodle	train
heavy rainfall strong wind temperature rise	train
frighten	train
big problem future	train
flood	train
denial	train
climate change	train
climate change come man afford time argue begin build effect climate change crosswalk little interest person blame disaster happen turn time	train
wet weather	train
smell	train
al gore uncomfortable truth	train
climate change reality counter bad	train
problem partially problem combine sensible measure need time	train
needless pollution extensive	train
concern	train
nonsense	train
solar new research natural rush hour electric car	train
wind rain	train
pol ice melt	train
contamination	train
climate change example ago emit greenhouse gas atmosphere climate change warm wetter drier people	train
contribute reduce focus climate change	train
man tendency think future	train
climate change exist earth begin ice age pass warm time come later	train
future	train
hope warm	train
global warming al gore science exam class wind power	train
earth climate change probably experience today	train
headline start bear	train
rise sea level	train
co	train
melt	train
adverse change environment	train
unstable weather	train
flood ras natural thaw	train
natural	train
natural	train
think live	train
rain milder winter	train
honest polar bear die people soil innocent life suffer end suffer think distance like earth nature like think	train
extreme weather	train
arise anthropogenic earth cycle small portion	train
increase temperature	train
change scenery	train
wind precipitation	train
dramatic global reversibly	train
ozone layer	train
global warm	train
temperature weather condition time earth natural climate change earth tilt forth axis period influence natural cycle negatively possibly increase speed life manage people create destruction change global nation personal opinion feel like lose confuse hermit member global anthill people climate continue change change quickly	train
snowless winter	train
improvement area relate friendly nature think use welfare	train
spot truth issue party extreme credible theme debate start lose interest word	train
unstable weather	train
change earth control	train
weather	train
wilder warm wetter	train
scary	train
change soil world little scary happen	train
environment	train
warm cold	train
hotter	train
natural	train
co	train
result major negative change life earth	train
precipitation intensity flood landslide	train
warm weather	train
increase challenge infrastructure relation extreme weather	train
natural fluctuation	train
ice melt	train
probably real	train
dense problematic air high pollution especially winter	train
long term bad hopefully probably irreversible self reinforce change climate wind high result relocation c grind forest vegetation co atmosphere	train
drastic change	train
well save light eat habit eat sell locally produce food cut import eat potato apple etc incredible eater people clot unhealthy food head instead	train
responsibility	train
forest	train
scary	train
pollution pollution contribute accelerate climate change	train
climate change primarily natural cause occur ongoing current climate debate characterize rogue doomsday unfortunately research group feel program commit focus possible negative find conceal uncertainty research result	train
think	train
insecurity	train
uncertain future social change require climate nature environmental protection environment climate research low live consumption	train
renewable energy consumption	train
polar bear extinct everyday soon history	train
extreme storm water increase	train
rainfall wind major world	train
partial optimist happen sunny solar pessimistic view wait	train
scary	train
disaster	train
high temperature extreme surprise speak naively reverse avoid whilst necessary grip equip city country eg build dikes high sea level surprise involve research area fusion energy build home cultural build waterfront	train
excessive importance	train
flood	train
extreme weather	train
iceberg melt bear sea riser alter human warm receive unbearably hot desert propagate enter experience earth distant far small globe process	train
type weather season	train
global warm temperature rise lead melt ice pole	train
severe weather	train
global warm	train
melt pole sea level rise large low lie world migration	train
weather	train
police melting	train
small country like china united states destroy	train
extreme weather	train
week disaster climate change discuss natural reason enormous impact people live storm drought need bother spar	train
weather change lot recent hearth	train
food	train
storm flood storm	train
variable weather condition type extreme weather	train
hysteria	train
medium	train
equal temperature year round	train
risk	train
weather change	train
warm ice melt land sea new ice age come live lose	train
difficult	train
temperature	train
pull involve change everyday	train
good evidence climate change man	train
ice melt polar live assume great coat food	train
tragic responsibility care soil way far care	train
poor wood tree grow fast	train
pollution extreme weather natural	train
ice melt rise water level powerful storm unstable weather warm climate	train
melt ice swim polar bear	train
el bil	train
unexpected	train
warm weather high water level extreme immigration	train
ice melt high water level wind wetter climate milder winter	train
contamination	train
change temperature impact extreme ice melt flood ras	train
far little protect nature	train
flood extreme weather	train
global warming extreme storm	train
scary happen future come	train
north pole melt sea level rise warm climate fight rise sea level prevent climate change	train
pole melt warm climate extreme weather	train
unstable weather flood drought	train
global oil temperature rise weather wild wetter	train
climate change ongoing human impact limit	train
water extreme weather change different geographical climate earth change respect force nature reduce nature clean possible	train
warm humid climate	train
nonsense find lot money climate change create people percent rest natural	train
extreme weather	train
basically natural change global structural change continental plat increasingly increase faster negative result anthropogenic interference	train
rain storm gradually rise sea level dry	train
climate change doubt strange place toll fairly easy rest difficult subject world revolve money money money	train
environment co	train
change adaptation uncertainty angry	train
extremely difficult place international	train
weather natural	train
water wind rain	train
ice melt sea rise	train
natural pollution	train
co	train
global warm	train
start think blame climate change typhoon tsunami etc	train
uncertain climate future	train
think different hard know trust anybody think exaggerate	train
pole melt	train
think easily feasible politic lack initiative lack innovation lack long term think discuss implement insulation house implement tax free multi self interest happen begin wonder think climate change important believe initiate immediate action lead people right direction bother people moment actually serve measure lack think contribute big politician contempt disengage dangerous development people nation entirety	train
difficult reverse possible despite strong economic force oppose	train
snow melt	train
adapt change place earth know change happen work discuss man use fossil fuel finite resource work dependent long term sustainable use include energy production main work technology development change away materialistic world way	train
climate change help world population	train
think climate change man rule time	train
flood damage	train
unstable extreme weather	train
complicate	train
high precipitation	train
high extreme sea level rise	train
global warm	train
temperature increase	train
impossible task	train
lot talk little visible action	train
oil temperature	train
want climate change	train
energy save aware waste single daily basis	train
increase average temperature earth	train
co	train
politically drive research thin ice	train
history climate change normal	train
warm winter snow man change regard host ice age date research area	train
tired word	train
global warm	train
huff	train
difficult know climate change man important reduce pollution powerful poison environment damage people health world	train
fraud	train
car use gasoline	train
rise unstable weather equally season wind rain	train
ozone layer pollution	train
insecurity	train
bump head wall	train
fee	train
cop winter endure throne think scary	train
glacier melt pollution	train
wildlife suffer perish consequence	train
climate change ordinary heat usual place world vice	train
snow sad storm rain warm summer desirable	train
worry	train
melt ice	train
fight scar future generation live	train
major natural concern	train
change world adapt	train
hope soon seriously internationally	train
warm climate summer	train
reduction greenhouse gas ice melt poor suspender polar bear stop slaughter	train
melt polar ice	train
document experience experience anthropogenic climate change time unfortunately handful vocal relatively uninformed succeed create impression case oil producer prevent control dependent fossil fuel oil economy prepare large scale carbon capture storage opportunity play significant role abundant supply renewable energy word unprecedented good situation nation	train
nice hear people drive car climate poor	train
create human major melt ice people flee famine turn development	train
help prevent reduce	train
yes climate change cash cow fee vehicle especially electric hybrid import focus	train
average earth especially northern	train
scary	train
pollution	train
extreme weather temperature change	train
change aloud temperature low temperature global warm	train
oven power	train
extreme weather change glaci melt drought	train
climate change completely natural million affect small degree	train
time large weather	train
sea level rain	train
warm summer cold winter	train
climate change cycle follow climate change unfortunately help influence big claim climate change work fine election	train
contribute ordinary need know little help mouse pee sea small stream major	train
population growth climate change chaos political breakdown extreme right power prevent come world place hard affect gather people fight country bad scenario likely world	train
greed	train
anthropogenic	train
threat planet future	train
think natural mother earth course affect climate change action consumption	train
weather	train
climate change financial p exploit	train
global warm snow right	train
challenge	train
storm natural	train
extreme weather	train
oil	train
happen progress party government	train
polarize debate	train
poor world primarily affect climate change	train
high water level	train
extreme flood cold summer warm winter	train
earth hardy probably survive human vulnerable fit better earth save	train
tropical storm	train
extreme weather	train
rainfall	train
think care climate crisis big scam	train
help	train
ice melt polar glacier raise sea level large catastrophic change nature live condition rainfall flood catastrophic change extreme weather result land submit current sea level unintended consequence relation cultivation food settle world population	train
bad weather	train
destruction	train
climate change constant temperature weather	train
mankind busy rapid short term economic gain	train
destruction natural flood	train
change climate past new people great extent previously	train
storm great different weather condition	train
policy refresher leave action	train
high	train
global warm	train
nature pole melt increase sea level deforestation increase severe natural	train
threat	train
set good example climate change save world	train
reduce renew vehicle fleet environmentally friendly	train
despondency	train
severe weather	train
sad	train
extreme weather disaster famine future massive immigration	train
great temperature extreme damage infrastructure war dire vulnerable economic crisis	train
tabloid horror migration war	train
lead doomsday	train
think child future	train
political	train
dangerous	train
climate change pair anthropogenic constantly tell new gladly later example imagine snow melt year ago learn mild winter explain anthropogenic climate change cold winter	train
contamination	train
temperature air water	train
frequent unstable weather increase water level natural	train
urgent invest research new energy source people responsibility collectively recycle package sad travel	train
artificial compare negative climate	train
happen possibly grandchild sad	train
extreme weather	train
ambient temperature pollution	train
believe	train
melt ice	train
good create change inventory world	train
weather	train
hot	train
rain	train
change nature pollution extreme weather	train
threat	train
misuse money	train
reduce china rest world need prevent deforestation world order climate change	train
issue hard claim	train
rainy	train
increase temperature	train
rain	train
disaster week	train
flood	train
food world cultivation disappearance lead fertilization tree impact	train
air	train
humid climate weather	train
natural	train
climate static change time	train
frequent extreme weather wind rainfall place drier climate planet global warm	train
climate change time	train
different	train
warm threat	train
greenhouse effect	train
fly pollute use fuel goat runway array main airport place second water reservoir money clean water clean food	train
know think climate change extreme change history lean today man important focus environment reduce	train
earth natural cycle human influence money important environment	train
challenge	train
damage nature wildlife store weather change soil air water	train
danger natural	train
sea level	train
drought flood unstable weather	train
quickly notice lifetime matter	train
warm weather rainfall win	train
blacken excessive	train
global warm	train
environment safety	train
powerful storm	train
co migration climate inertia challenge relate increase prosperity increase greenhouse gas human suffer storm	train
scary	train
man account solar flare change new reach climate change	train
natural happen world	train
melt polar high water level long term	train
change	train
possible probable engage little international	train
weather change	train
worryingly	train
extreme weather	train
wild wet	train
change urgently	train
climate change cycle mild unpredictable ago	train
climate change hear unsure man	train
disaster	train
rain	train
centrifugal precipitation temperature winter equal	train
scary big responsibility	train
weather change	train
extreme weather	train
ice melt	train
emission gas result	train
climate change reality find increase temperature global basis onshore offshore need start think term economy social value etc carry environmental measure basis economy withstand think economics base environment cope	train
talk little action bite worry hear happen world contribute greener sustainable life mouth little help	train
disappointment disgust business	train
warm climate	train
contamination	train
extreme weather	train
green	train
co	train
summer	train
storm	train
live earth	train
million year wave cold heat naturally change little help spill	train
urbanization deforestation	train
melt pole dry dry general imbalance	train
mere	train
boring	train
shall apply especially labor	train
unsure climate change relevant unsure climate change man	train
warm	train
flood hurricane	train
natural	train
climate change cause increase emission storm	train
car	train
co	train
smelt	train
natural	train
water level	train
climate change man addiction overuse fossil fuel difficult necessary phase oil coal gas build sustainable renewable energy able greener well society rely expensive non renewable	train
flood	train
natural cycle	train
nature arrange self	train
nonsense	train
think talk lack action large contiguous largely absent debate capitalism law create great climate change	train
warm average storm difference season melt pole rain end cold winter dry summer flood storm sea level rise negative thing	train
bad weather	train
medium induce problem country lack assistance u	train
excessive fear	train
global warm heater wild wetter	train
storm	train
extreme weather turn cause major natural destruction people world	train
increase warm ice snow melt water rise	train
melt ice die polar bear	train
thin ozone layer warm summer	train
extreme weather	train
nature	train
global warm rise sea level increase natural loss deforestation fact idea extent impact human activity natural cycle climate change humanity knowledge accumulate datum natural process additionally climate depend political business	train
reduce implement	train
reason doubt climate change hope human activity major main reason change reverse alter human behavior believe possible furthermore hope experience climate effect huge volcanic	train
melt polar ice	train
extreme weather	train
soil clear happen regard mere rainfall flood read daily time year major global think globe	train
bad	train
severe weather	train
pretty active practice area	train
energy	train
negative development	train
weather change temperature	train
weather phenomenon son cycle	train
severe weather future	train
uncertain future	train
try improve climate crisis	train
political agenda	train
heat	train
temperature	train
melt ice antarctic	train
psychology	train
able relate	train
extent come naturally world change glacial warm time wonder world climate change day important measure climate change faster naturally well think environment fight provide fine planet child manage soil want think future need	train
prater lot little	train
melt rise flood	train
overuse	train
change think lazy	train
ice melt find vest	train
climate blame possible kind weather phenomenon	train
melt ice mass pole	train
think global warm	train
co level use fossil fuel increase temperature	train
climate	train
think focus climate climate people guilt company feel pressure climate neutral green	train
system scale help like china manage think need start	train
political debate cheat	train
natural	train
temperature change	train
sorry turn climate change able reach people slightly different way happily interest way probably react differently question	train
warm weather ah delightful	train
rain flood	train
think	train
ozone layer	train
high water	train
melt	train
extreme weather	train
bad rain etc	train
important issue continuous composite find	train
severe weather	train
weather rain co	train
lot rain wind	train
nature pose little significance big picture factor maybe bad accelerate climate change come demonstrably thousand man stand	train
north pole melt fix	train
warm winter wetter summer	train
bad weather	train
concern future help	train
little excessive medium create	train
extreme flood	train
extreme weather	train
medium create	train
environment right	train
èìß	train
individual responsibility	train
weather	train
natural	train
scary	train
complicated	train
think foremost north pole south pole ice melt water rise rise level think city year post pollution health hazard climate change run well think climate change major problem world today	train
natural phenomenon happen regularly long period time people help expedite	train
people look head ass sun climate change end lite	train
think good idea environmentally conscious regardless climate change reel	train
tire	train
maybe climate change	train
global warm	train
ozone layer	train
global warm extreme weather	train
high water level	train
need major sign kyoto protocol bind pressure small help far ahead	train
polar bear die volcanic eruption bad drive car	train
warm weather fuel unemployment probably food medicine issue health issue general	train
global warm	train
ice melt pole extreme weather	train
ice melt	train
hassle climate change limit little contribute china big hear change	train
worrying	train
real bite scary money rule world rely actually future nuclear hear happen risk	train
natural climate water war dead	train
lucky unfair threaten majority world population especially resource poor south	train
global warm pollution	train
wetter wilder	train
anthropogenic adverse change climate	train
flood strong wind high temperature melt ice	train
human able change climate nature difficult resist natural disaster	train
climate largely cause human activity	train
frightening anthropogenic	train
abide situation change come	train
circumpolar	train
melt ice north pole south pole lead	train
world climate change negative way	train
comment	train
flood	train
intimidate tree car hurricane bad happen	train
big challenge	train
nice meet earn money	train
melt animal specie disappear sea rise force	train
fossil fuel	train
extreme weather	train
natural	train
limitation	train
storm	train
natural flood precipitation milder winter pole melt earthquake	train
bad weather	train
sustainable development pollution colder warm	train
melt pole	train
begin reduce bet environmentally friendly reduce remove tax	train
north pole melt frequent precipitation temperature change	train
extreme weather	train
cold afraid gulf stream change direction new ice age little afraid earth flood honest think climate change	train
sea rise inundate water pole lose	train
pole melt	train
fuss climate oil income need bankrupt norway	train
dangerous	train
previously good weather bad weather proportion storm climate change	train
change soil health	train
pole melt	train
ice melt increase sea level warm lead frequent powerful storm	train
swim beach norway	train
skeptical somewhat exaggerated think	train
climate constantly change dawn stable stable	train
urgent super important seriously frustrate	train
complicated	train
extreme weather	train
extreme weather	train
severe weather	train
think melt increase sea level milder rough weather storm heavy precipitation globe part drought	train
flood severe weather	train
save earth	train
cop dawn	train
crisis extinction animal specie environmental	train
anthropogenic	train
flood drought storm	train
melt	train
concern	train
big problem future	train
global warm	train
natural	train
affect directly people especially densely populate	train
world	train
environmental threat	train
global warm	train
temperature snow rain	train
happen stop use fuel coal want survive help need develop	train
weather condition	train
control lot money power	train
think great difference climate believe mean think clean clearly human contamination past overall think climate long world pass	train
feel discomfort negatively charge word think world afraid feel climate change faster think today	train
rain	train
sample blast	train
panic climate change human influence affect content atmosphere	train
result climate change daily natural	train
severe weather	train
clean air clean water	train
spew contribute	train
wet	train
polar bear	train
weather storm extra cold extra hot pole melt ozone layer	train
awfully hard lead war strife mad scenario	train
environmentally friendly	train
crap weather	train
rain	train
climate change time past year change underway little affect people high co good vegetation earth high co percentage air	train
challenge	train
nature change time	train
future	train
threat	train
air pollution business car boat aircraft oil extraction plant overcrowd burn forest	train
medium characteristically	train
completely normal millennia	train
climate change world cycle little stop climate change pollution lot planet live	train
natural disaster	train
like want good environment find climate	train
sun rain universe	train
warm wetter climate	train
old remove low price new collective well garbage sort	train
storm	train
national measure	train
surprisingly think bite exaggerate important issue deal	train
exaggeration	train
conflict general trouble	train
concern	train
domino effect start high lead climatic describe chaos theory butterfly effect mean small temperature change disastrous weather non linear turn lead loss influence climate change far complex understand people think traditional linearly issue seriously	train
f gas certification totally unnecessary certify cold fitter	train
man animal planet relation ability equipment destroy environment conscious deliberately neglect obvious self destruction	train
little anxious	train
variation climate believe man real climate	train
storm natural	train
unclear happen hurt way live reduce consumption help level	train
water rise water ruin water	train
bloat	train
dangerous	train
discharge temperature weather	train
case deserve well climate journalism	train
famine flood ras increase temperature change	train
extreme weather	train
sola govern universe climate	train
amendment	train
affect rapidly live future	train
warm weather rain	train
major change nature come weather climate climate change naturally time major change recent largely influence human natural change occur time problem change increase human greenhouse gas create major change short time manage adapt change need change habit soon possible prevent change natural	train
challenge future important research	train
pollution	train
impossible turn long world build capitalism profit win second priority thinking soon tip point carry outside waterfall matter	train
aware long time	train
warm winter	train
cyclical change climate earth history	train
milder	train
poor city air	train
temperature change relate short time horizon major change look long time horizon	train
climate change long way anthropogenic pollution	train
extreme weather	train
photosynthesis greenhouse effect temperature rise melt ice drought flood storm human stupidity	train
issue appear seriously seriously important	train
people earn million talk climate change environmentally swine	train
exaggerate	train
hot summer heavy precipitation	train
concern	train
melt mild wet winter bad summer	train
global warm	train
increase water level	train
ocean temperature rise sea air increase unstable weather flood drought	train
increase temperature	train
global warm human impact consciously prove negative cut	train
rain moisture imbalance nature	train
concentrate storm solar storm affect	train
medium little write	train
naturally happen year	train
critical read watch news happen thinking kid earth	train
melt ice	train
climate change exist know change occur resemble	train
thing think girl grow family come later happen planet flood natural reduce food production protest action people affect lose home	train
rise water level wind	train
partly think read research paper climate change cycle possibly influence	train
worried	train
co old decommission nuclear power plant abroad shipwreck lie pollute oil spill	train
insecurity	train
frighten	train
violent storm spread globe	train
bad weather	train
water	train
create people financial gain case	train
cold climate warm climate earth history	train
global warm	train
say heaven earth shall pass away word shall consist	train
scary	train
extreme weather	train
international community	train
weather	train
al goor documentary climate change fall pole melt snow warm weather	train
way hoard money	train
way affect greatly opinion increasingly cycle earth govern solar system	train
bore fussy	train
bad weather	train
flood lack time pollution china	train
pollution melt sea rise flood extreme weather	train
debate	train
probably surely	train
forest	train
extreme weather	train
ice melt	train
natural	train
ice	train
small remain order combat	train
co	train
think medium create hysteria addition politically determine shell possible focus environment create work place reason demand tax	train
smelt	train
ice melt like polar bear lose home weather change	train
severe weather storm uncontrolle temperature rise	train
pollution meneskeskapt	train
polar bear pole	train
change improve stabilize current environment expenditure	train
strange weather	train
frighten	train
shrink	train
country severely affect sea level rise	train
worry afraid future	train
extreme weather	train
warm ice melt water level rise polar bear drown	train
sick bustle environmental time pass climate change	train
high average temperature earth	train
polar bear care people innocent polar bear care	train
lie	train
increase greenhouse gas increase sea level atmosphere ozone layer	train
storm flood	train
time religion hell replace climate disaster	train
stormer natural	train
change weather	train
fight scar want angry frustrate people seriously	train
unpredictable	train
potential long effect global climate change include intensity tropical storm skogbranner issmelting	train
high water i e pole melt o e n	train
think foremost happen naturally secondly think look money talk anthropogenic climate change clean locally live period walk feel people think environment think totally ridiculous people public transportation car look big picture think discharge sort thing stay good punish hard today wish high involve pollution regardless scale dirty dump understand realize simply mean faith man read watch garbage send specify exactly totally incomprehensible pick old laptop etc sell little manage recover paltry crown complicate stop action paragraph need create consumer society jack notch sick tire word climate change man hopelessly corrupt man fix man realize real passion well oodle hope	train
future	train
bad weather	train
portion earth natural cycle	train
pole	train
rest world	train
water rise threaten	train
high sea level	train
car use	train
late report result thinking oil coal gas cheap energy possible significantly reduce corrupt world ie world little confidence aggravation situation scroll increase access cheap shale gas sea level rise	train
stop responsibility	train
rain increase water level	train
major change weather extreme weather	train
melt ice	train
flood	train
climate change different time zone time amend find palm tree plant	train
planet withstand	train
hear word unlikely nature arrange end day judgment	train
hard sound theme	train
hysteria	train
warm unstable extreme weather	train
natural	train
cycle hot cold	train
smelt	train
storm flood sea rise	train
water level	train
ability care need lower overall consumption plenty task worry relate impact	train
excessive hysteria want enrich	train
polluted atmosphere global warm	train
temperature rainfall severe weather	train
increase extreme weather	train
high tide	train
state sum natural variability partly man influence activity quantify shoulder natural solar activity increase concentration co fossil fuel challenge debate comment field masturbation	train
weather melt ice	train
important think climate change order preserve planet generation future preserve	train
weather change	train
climate change natural earth influence cop gas ban temperature decline probably continue fall co increase tremendous speed affect temperature	train
natural global warm influence ecology wildlife human health	train
storm high water level	train
natural	train
ice melt north pole strange weather storm affect world	train
natural	train
threat future	train
ice melt	train
increase temperature	train
temperature rise storm flood o l	train
china	train
relatively good western world eastern south start work industrial west need help technology	train
unsure	train
think develop new way conserve climate oil forever time need invent money environmentally friendly oil drill	train
crisis threat	train
warm reg extreme weather	train
overrate	train
society good reuse use throw away mentality	train
somewhat waste piss harmful climate planet seriously string wear purify environmental control money sensible disappear	train
frustration	train
water hurricane disaster death	train
change world want admit personally little world climate change positive consequence short winter warm summer global feel completely powerless	train
happen world	train
think lot hysteria surround topic think human earth destroy planet	train
extreme weather	train
lot rain wind warm winter	train
climate change scary frighten undertake drastic measure stop development anthropogenic change appear sacrifice save planet	train
happen	train
climate change time know change climate bad pollution	train
melt ice storm	train
great food resource future conflict result	train
disaster	train
melt polar water	train
important seriously urgent	train
tire	train
weather change	train
important important party list find provocative feel like actually affect	train
arctic ice melt	train
water co	train
sea rise meter	train
water flood increase sea level	train
reel threat entire international community seriously	train
tenter bad weather	train
extreme policy melt sea level rise	train
global warm melt ice antarctic north pole melt	train
soon find technological	train
contamination	train
warm wetter extreme weather	train
disaster	train
windy rainy mild winter	train
seriously want good planet live future	train
co increase atmosphere ground heating	train
uncertainty uncertain future temperature increase rise sea level extreme weather condition	train
responsibility	train
harmful mass destruction nature	train
snow ice	train
frighten	train
flood temperature	train
anthropogenic	train
hysterical international fashion man	train
extreme weather long term risk regional conflict	train
contamination	train
hysteria	train
global warm	train
think weather result climate change	train
commitment renewable energy need	train
earn attend need money allege climate change bureaucracy think know people afraid good body lie selfish climate monetary drain public world community	train
housing happen nature forest	train
contamination	train
paralyze	train
smelt	train
nature stable	train
contamination	train
extreme weather heavy rain high heat	train
co	train
global responsibility	train
increase average temperature global ice melt	train
real unknown cause debate great self interest miss completely unbiased source change	train
norway wetter milder way life pollution blame	train
ice melt pole change animal plant life unpredictable weather condition affect entire globe	train
future threat grandson	train
melt ice	train
heat reindeer	train
global food security challenge political stability peace conflict eco efficient technology	val
world bad	val
extreme weather devastation lead increase poverty	val
extreme weather	val
water sea air start pollute damage start difficult fix	val
severe weather	val
death sun heat melt ice water vary weather	val
highly time international community come common fight emission	val
co warm weather rainfall	val
extreme weather	val
major climate change know	val
lead world live	val
creation slowly disintegrate	val
temperature record cycle	val
faint expression generally	val
extreme flood warm winter cold summer	val
man threat deny fear	val
change create man nature create adult life	val
ice glacier melt	val
policy	val
contamination	val
storm	val
composite complex multifacete issue people play important role follow earth sun human behavior issue concern development concurrent busy contribute example recycle recovery recycle	val
future	val
way natural disaster need build come come endless globe weather	val
issue overplay medium lot bad necessarily bother think alter change climate earth happen ice age	val
ozone layer way damage ischemic system daily	val
warm climate precipitation pollution	val
fee	val
global mean temperature high today begin late	val
begin end today	val
need care world	val
bad weather rain storm etc melt polar	val
extreme natural	val
natural	val
flood	val
extreme weather	val
ice melt pollute air	val
temperature change gas melting ice high water mass natural	val
fear	val
hear word climate change think major change climate natural hurricane etc addition think need decrease greenhouse gas change remove	val
uniform temperature earth bad weather stormy weather	val
temperature increase	val
political	val
storm hurricane disrupt	val
melt ice arctic	val
climate earth host change tomorrow morn	val
air pollution melt sea ice increase flood storm global warm	val
perceive normal climate lifetime earth life unusual manmade yes want utmost well bad	val
heater winter storm etc	val
extreme weather	val
sad climate change today think snow think end time lot snow cold	val
think hard try owe happen quickly pessimist think experience major change world change recognize	val
melt ice	val
environmental policy	val
cyclone flood ras dry ice melt ding	val
hurry	val
like feel helpless word action boil away cabbage	val
scary affect generation	val
co global warm	val
solar man control organize help	val
ice melt sea level	val
live demonize natural cycle disagree translate imbecile understand nature sit	val
medium induce hysteria	val
high temperature warm winter	val
extreme weather	val
storm north dry hot south	val
storm heavy precipitation	val
foremost weather extreme storm flood rainfall	val
think despair turn environment time locate enormous unnecessary consumption addition new mart disposable litter little breakdown think answer lie education trend appear educate people conscious	val
natural	val
red hot	val
grandson	val
clean air	val
worried	val
heavy precipitation warm winter extreme weather	val
lot rain extreme associate fish death	val
think little focus climate change	val
co	val
nonsense	val
co china	val
storm	val
reduce fuel consumption shopping especially mass production cheap chain throw food drive car fly collectively electricity water consumption course sort	val
change season	val
threat	val
energy	val
complex human reason limit population clean energy coal oil better coal	val
people world	val
scary winter summer go	val
co	val
disturb	val
mass vas	val
police	val
extreme weather	val
melt ice arctic	val
available research prove burn fossil fuel	val
rise temperature dry heavy rainfall temperate zone increase wind place	val
great focus avoid like lead climate change	val
tired hear doomsday relate climate change	val
storm hurricane soft rain	val
huff push	val
global warm	val
oil generation selfish	val
extreme weather rainfall	val
weather temperature air purity man earth natural cycle	val
global warm extreme weather	val
new	val
temperature rise extreme weather	val
think dare vigorously limit fear low consumption ballot	val
damage	val
melt	val
drought	val
great variety weather mean big natural totally extreme	val
late soil correct bunch bastard success care live symbiosis planet utilize	val
slow actual cheerless eradication democracy work inefficiently	val
ski condition	val
false proposition	val
high co bother properly think medium climate change high co level present narrowly medium	val
violent weather rise	val
people longer live live place	val
natural	val
think normal big problem climate change norway little difficult run fine	val
bad weather rain storm	val
extreme weather	val
climate change time year natural fluctuation rule change partially environmental policy important	val
medium	val
exaggerate	val
hm	val
think strange new government important remove ban licorice pip pole open new year eve discuss sustainable focus transit outrageous	val
season sea level rise trouble water away	val
contamination	val
melt ice storm hurricane flood etc	val
weather	val
ice melt	val
climate caveman good	val
unstable weather mere precipitation melt	val
ice melt	val
environment	val
think flood land	val
extreme weather	val
natural	val
weather	val
destroy planet ozone layer garbage	val
extreme weather	val
temperature flood end ski condition	val
melt pole	val
global warm pseudo scientific theory evidence support allege	val
warm weather rain	val
severe weather	val
water	val
think climate change occur ago come little fast	val
belief	val
bad weather	val
extreme weather	val
temperature create extreme weather	val
global warm earth mer uneasy	val
negative global change weather earth	val
extreme weather	val
motor	val
ice melt people drive work	val
poverty	val
restriction	val
pole	val
co	val
think climate change globe cage	val
scary policy melt	val
climate change happen use time money discuss measure stop change instead adapt	val
increase average temperature melt polar ice storm damage storm certain world increase sea surface flood	val
temperature increase storm ice melt natural threat polar	val
warm weather hot summer	val
climate change affect earth negative	val
responsibility	val
change weather abnormal	val
natural cycle nature control	val
degree earth relative sun	val
abnormal plant animal life	val
weather destruction ozone layer	val
right	val
wind rain negative scary	val
rain	val
scary	val
sea level rise	val
nature course mankind hardly control nature	val
difficult	val
global warm	val
wetter warm	val
extreme grow	val
weather change snow muddy rain dirty	val
remember rain storm recognize talk ice melt arctic ocean time think climate change today	val
concern	val
mere tax activity major subject researcher meet contribute greenhouse gas keep	val
weather change	val
warm weather	val
know begin oneself begin live environmentally friendly feel long way	val
excessive	val
danger betrayal natural insecurity	val
think come	val
ice melt south north pole wildlife polar bear symbol deteriorate destroy fast thought affect water level long term storm southern lite influence compare traditionally tend strong storm heavy precipitation extreme weather pay price lack understand prevent	val
disclaimer warm weather increase water level storm melt pollution atmosphere consumer society litter selfishness brake mitigation use car little action slowly detail gasoline power stroke nearly big source contamination ban sell year technology welfare state	val
interest climate change quickly anger people true run mitigate bother matter person little statement happen totally face think way cruise good conscience instead constantly think bus use bad	val
bad weather storm rain flood	val
wipe equator	val
arctic antarctic china environmental policy emission allowance western robbery develop	val
drive little possible car	val
challenge exaggerate certain circle form need clean neutralize long term	val
colder	val
extreme weather	val
boredom word happen small speak	val
typhoon	val
scary mass climate change	val
imbalance nature pollution change mean cultivate grow greenhouse effect melt polar ice accompany high water level	val
temperature change season heat summer warm winter	val
warm wet weather sea level rise	val
bring	val
natural	val
severe weather	val
sustainable development	val
responsibility	val
earth people good weak	val
temperature change	val
temperature ice pole melt water rise climate change place world	val
natural medium city world pay limit save environment ridiculous	val
reality	val
unstable bad weather	val
warm season previously	val
worry	val
contamination	val
substandard live condition life earth	val
storm	val
afraid climate change eventually people vulnerable climate	val
spend money stuff nonsense	val
rain warm summer extreme weather	val
climate change	val
focus	val
think weather maybe climate change know sure man natural wave	val
ice age	val
flood	val
anthropogenic change	val
change ecological system greenhouse gas pollution weather globe long term effect impossible prevent	val
extreme weather	val
occur age	val
polar bear danger	val
reduction production	val
ice melt	val
storm	val
world face enormous problem think solve large want progress pollution result clean water food issue climate	val
think people change little faster come enter new ice age ice age hot cool	val
think problem outer space	val
severe weather	val
believe climate change change	val
ice pole decrease hot climate sea level rise frequent rain forest cut great pace ozone layer damage increasingly deteriorate future plant	val
pollute atmosphere	val
change weather storm	val
think climate trough previously think story apply research properly anthropogenic climate change man change think trend stop world community impose strict measure think injunction need result difference	val
chart danger extreme	val
ansvarsfraskrivelse apply entire structure society responsibility treatment plant bad kind environmental crime manglende research alternative source energy transport development stagnate large firm state own milk oil cow worth oil tomorrow research alternative energy transport great degree sorry oil corrupt rest cushion exploit short term money horny people forbrukersamfunn use throw plastic mentality ban long shelf life warranty visible actually executive power remove measure promise landbruk climate change run glove depopulation village city overgrow coastal pasture good example focus small farm o g local farm thoughtful specialize farm agriculture adapt nature west country sheep goat eastern pig cattle grain wild reindeer fish green area city center essential provide welfare gather place scissor garden orchard health benefit fresh air state mind point climate change issue different boil kind society want capitalism buy way problem liability environmental human right solution increase health base fictional man economy constant unstable stagnate think important egg basket agricultural forget art cook health important	val
important issue time	val
weather	val
weather	val
leave earth generation bad find	val
think bad future come know bad feel stomach	val
think extreme weather involve food production agriculture	val
winter milder wetter extreme	val
ice melt	val
anthropogenic seriously need need continue research	val
extreme weather	val
harmful greenhouse gas	val
ice arctic antarctic melt	val
great minor change	val
wind	val
global warm	val
real problem seriously anthropogenic	val
quickly suspicious network sender	val
weather bad different weirder year	val
reality man blame	val
warm wetter violent weather	val
unstable weather storm sun snow	val
feel certain fear especially regard future afraid save planet feel ordinary difference context	val
warm snow rain	val
ar climate way look consume increasingly possible gain spend travel plane	val
think co think warm	val
change climate bite scary bite unfair think society focus money return increase consumption enjoyment share think slightly think globally hit people lot little protect happier satisfy	val
imbalance natural social connect idea change trigger consume environmentally conscious strive sustainable want people conflict sustainable good life quality quantity requirement economic growth consumption strong civilization opinion	val
bad weather	val
sow climate change	val
melt	val
pollution weather	val
weather rain wind	val
unstable weather	val
new ice age end world	val
happen	val
flood	val
co crustal graph documentary see green party green grass	val
huff government necessary grip large people live power	val
result well weather bad weather	val
think weather climate cycle change	val
negative hysteria	test
melt	test
melt ice	test
wife know research job believe climate threat big shame	test
climate change	test
high tax misuse think rapid life style change people environment money environmental issue improve measure environment instead build huge bureaucracy understand drastic apparent adapt measure community frighten follow think cycle earth sun human influence pollution	test
hour	test
high risk recognize scope	test
environmental disaster	test
storm	test
disaster	test
inevitable doom aka earth know today irreversible change climate late dare resort extreme measure electric prohibit diesel petrol cease oil focus renewable energy	test
seriously	test
natural	test
global warm thaw ice pole sea rise	test
policy	test
north pole	test
temperature rise extreme graduate sea level	test
shrink	test
weather condition high flood change live condition fish bird disperse flood low lying	test
natural rogue look money	test
poor	test
rain wind	test
extreme pollution	test
maybe hot summer unstable winter	test
storm western live	test
sobriety	test
rich stop climate change help poor	test
concern exaggerate	test
typhoon	test
worry future	test
extreme weather	test
good future	test
exhaust	test
concern	test
difficult deal important good case information	test
heat	test
frequent extreme rise sea level increase ice melt change ocean	test
filipinene storm ras flood	test
weather change	test
global warm	test
unsure credibility certain climate issue	test
climate change change little faster reason man	test
public transport	test
pol flight melt	test
good	test
climate change persist time	test
deforestation coral overcrowd deglaciation	test
allow worry air breathe single day	test
society account climate change individual care world live	test
sure climate change cause pollution natural occur earth	test
ozone	test
undesirable well climate	test
policy	test
happen climate negative	test
ice melt	test
work climate live travel money control	test
greenhouse effect extreme health	test
climate change long earth pass	test
violent storm ice melt sea level rise despair people increase	test
future natural disaster begin live live different way	test
weather	test
think accord geology climate change happen time past	test
earth	test
ice melt water shortage	test
heat storm little food world population	test
rain wind spring summer season	test
palm beach	test
natural	test
weather condition	test
climate change new	test
milder winter	test
climate change happen resident order nature time human activity cause climate change melt ice north pole yield polar bear temperature rise yield problem agriculture southern smog large people sick china plan build large dam lead impossible rice cultivation drink water shortage climate change change economic system act political instability	test
ozone layer	test
precipitation high water level drought water	test
global warm	test
high average	test
extreme weather	test
worry sure change increase production oil gas replace energy derive coal pollute ahead curb samtidig total world count oil gas preferably renewable energy source preferable coal	test
extreme natural	test
extreme weather	test
vã rproblematikk high temperature great ice melt high water level wind rainfall	test
good freezer north	test
contamination	test
storm flood ice arctic melt likely increase co anthropogenic change	test
haste need deal fort	test
despondency	test
future	test
ago	test
future	test
important word think day climate change man think action generally affect climate yes probably certainly standard answer experience try influence bring climate friendly experience rarely	test
yes hear think concentrate order new cheap flight	test
change temperature weather condition extreme	test
ice melt drought water shortage poor air destruction natural major challenge great difficult challenge lead great human suffer like	test
extreme weather	test
wild climate change	test
affluent society	test
depreciate climatic condition	test
storm	test
climate change anthropogenic natural individually group people work locally nationally globally	test
hysteria	test
rain	test
man impossible know climate historically undergo significant change climate change place people live earth	test
milder winter wetter summer	test
renewable energy stop cut exploitation commit environmental crime punish hard	test
extreme pollution air melt	test
melt ice	test
big challenge today society	test
wilder wetter warm	test
cleanliness change climate	test
climate world way destroy	test
tsunami large temperature change flood oil leak mountain garbage	test
ice melt	test
tax tax	test
pay attention change come world	test
climate refugee	test
change ago	test
influence well	test
currently popular talk use legal excuse ascribe product additional fee	test
extreme flood warm weather	test
strong frequent global warm acid rain sea land remove photosynthesis concentrate hazardous toxic waste	test
al gore	test
typhoon	test
scary hot	test
big challenge world future	test
claim consist disagreement regard climate change man majority climate believe far know case current climate change er largely climate change case real doubt	test
ice melt sea level increase	test
ice melt arctic	test
climate natural change cyclical	test
flood	test
small snow	test
think world constantly change matter cause harmful	test
extreme weather	test
melt ice polar	test
big challenge	test
believe sun big factor climate change aid human reason sun behave little strange solar cycle start believe solar system experience climate change believe conspiracy personally deal write climate change locally exist matter blame west realm sharpen stop litter poison place solar system live today	test
severe weather	test
manmade think mixture natural man man use precautionary principle temperature rise industrial revolution	test
drought storm rain flood devastate weather poor destroy large	test
research	test
reduction	test
extreme weather different flood storm increase scope recent	test
dangerous	test
world experience climate change long able influence trend world new ice age call man climate change involve expose frighten scenario	test
change occur control able influence bite consumption	test
worsen normal climate	test
challenge	test
natural	test
extreme weather	test
temperature rise	test
hard climate change	test
seriously	test
hysteria	test
man	test
melt pole cold south hot north environmental polluting form factory smoke fume	test
renewable energy	test
read hear word climate change think man non reversible change world climate global earth specie melting pole extreme climate un fight climate policy etc	test
natural world overuse world	test
co warm extreme ice melt	test
coal china natural unstable weather ozone layer sustainable development	test
exaggeration	test
snow glaci melt	test
oil drill	test
snow north pole average temperature rise	test
temperature endanger specie co patty gravy	test
natural	test
poor utilization greed	test
nature time hasten process gas ice age planet happen	test
prepare bad climate come	test
extreme weather	test
high natural	test
weather global warm ozone pollution air	test
ski condition	test
polar melt ice	test
pollution litter	test
co greenhouse gas oil pollution	test
sea ice melt polar bear die storm anna lowland struggle	test
rise sea level	test
warm	test
interest	test
necessarily cost contribute climate change opposite choose think environment climate change	test
greenhouse effect temperature increase extreme natural	test
necessarily anthropogenic	test
rain	test
anthropogenic climate change lead extreme weather	test
think happen cycle planet change time girth year start ruin large waste sea dor fish ocean sea die soon stop plus seek terrible choose ignore ashamed man	test
climate change difficult decide scholar view extremely divergent opinion cause need phenomenon life	test
hear	test
precipitation extreme weather	test
contamination	test
storm	test
extreme wind extreme high low extreme wave	test
result technological development use throw away mentality	test
consequence	test
solve challenge climate change deal distribution good world	test
lot rain wind	test
climate change natural planet	test
melt ice	test
yuck	test
milder winter extreme flood wind	test
fuel car climate winter summer	test
melt polar ice water rise	test
small country big like throw money window help pollute bother	test
climate change currently threat extinction human existence	test
contamination	test
come forward change historically assumption historically green begin grow spring ago	test
temperature change	test
sigh	test
climate change	test
catastrophe	test
rain	test
extreme weather	test
rain storm	test
polarize	test
increase water level frequent natural	test
scar skeptical enormous co time think world flood natural extreme	test
extreme weather destruction	test
natural change p g sun planetary time	test
global warm change nature environment	test
scare	test
think climate change wave long wave	test
hope remain stable change great	test
think bad claim	test
hope think	test
future	test
responsibility late	test
high wind	test
rain storm bad weather increase water level extreme drought extreme cold melt	test
water shortage	test
extreme weather	test
environment	test
think lot think positive look reduce pollution think climate different host palm svalbard etc think climate temperature earth cycle think use climate good reason rake extra tax global warm fashion advocate politician turn fit climate change	test
precipitation temperature	test
weather change	test
dairy cattle	test
easy	test
extreme affect people live	test
flood abnormal weather	test
landslide flood	test
nature ensure health future die cancer think climate affect food health population	test
greed	test
humid weather wind	test
sad dangerous think generation	test
major technology	test
melt ice	test
anthropogenic	test
strong focus increase consumption look satisfied good health natural diversity contact cultural experience silence tranquility host little understand important value good life	test
frequent climatic	test
consume fuel grim fort	test
ice melt	test
chance	test
extreme weather strong wind rainfall	test
al gore china food production car brand	test
wind flood	test
uniformity state substantial knowledge climate change complex complicate research splay clearly state debate	test
global warm melt phenomenon dry warm place planet hot drier high rainfall increase precipitation short climatic condition deteriorate	test
extreme weather	test
co	test
warm wilder wetter climate	test
dramatic	test
extreme ice melt temperature increase	test
special	test
pretext new high fee	test
natural	test
ice melt high temperature	test
temperature	test
future	test
hysteria	test
responsibility care planet earth	test
weather	test
little able fix lead climate change example drive car necessary	test
renewable energy	test
natural change earth eternal process stand	test
frighten	test
rain wind	test
pole melt sea rise high small animal specie die greenhouse effect	test
frankly think maybe oh god think important climate change seriously improve situation climate change man know harmful planet stop supply	test
stand salary increase	test
people govern climate	test
con melt ice rise sea level	test
global warm	test
sea level rise	test
flood	test
scar think treat earth live significant change quickly order well care	test
stupid people consume destruction	test
rain snow	test
rain storm	test
ice melt sea level rise land come natural specie die specie north	test
climate change exist cope use misuse worth tax	test
world fraud man affect environment climate	test
severe weather	test
expose world live great danger energy imbalance world pull ground surface	test
flood cold winter many homeless sick ago ozone layer spray aircraft	test
winter warm snow cold disappear negative	test
natural cycle	test
confusion	test
